<?xml version="1.0" encoding="UTF-8"?>
<project-private xmlns="http://www.netbeans.org/ns/project-private/1">
    <editor-bookmarks xmlns="http://www.netbeans.org/ns/editor-bookmarks/2" lastBookmarkId="0"/>
    <open-files xmlns="http://www.netbeans.org/ns/projectui-open-files/2">
        <group>
            <file>file:/C:/Users/HP/Documents/NetBeansProjects/TestTag/src/java/com/eva/Employees.java</file>
            <file>file:/C:/Users/HP/Documents/NetBeansProjects/TestTag/web/WEB-INF/tags/new.tag</file>
            <file>file:/C:/Users/HP/Documents/NetBeansProjects/TestTag/web/Employee.jsp</file>
            <file>file:/C:/Users/HP/Documents/NetBeansProjects/TestTag/web/index.xhtml</file>
            <file>file:/C:/Users/HP/Documents/NetBeansProjects/TestTag/web/Result.jsp</file>
            <file>file:/C:/Users/HP/Documents/NetBeansProjects/TestTag/web/WEB-INF/web.xml</file>
        </group>
    </open-files>
</project-private>
